ticker,name,sector,created_at,market
^GSPC,S&P 500 Index,Index,2026-06-24 07:36:51.340987+00,INDEX
^KS11,KOSPI Index,Index,2026-06-23 06:06:09.847419+00,INDEX
000080," 하이트진로",,2026-06-18 03:18:48.153802+00,KR
000100," 유한양행",,2026-06-18 03:18:58.47819+00,KR
000150," 두산",,2026-06-18 03:18:27.420733+00,KR
000210," GS리테일",,2026-06-18 03:18:43.923655+00,KR
000240," 에스티팜",,2026-06-18 03:18:39.480814+00,KR
000250," 삼천당제약",,2026-06-18 03:19:08.928067+00,KR
000270," SKC",,2026-06-18 03:18:34.721685+00,KR
000320," 유니드",,2026-06-18 03:18:57.439473+00,KR
000500," 가온전선",,2026-06-18 03:18:22.654089+00,KR
000660," SK하이닉스",,2026-06-18 03:18:22.76496+00,KR
000670," 영풍",,2026-06-18 03:19:05.172966+00,KR
000700," PI첨단소재",,2026-06-18 03:18:42.762614+00,KR
000720," 한국콜마",,2026-06-18 03:18:35.392243+00,KR
000810," 삼성화재",,2026-06-18 03:18:27.086385+00,KR
000880," 솔브레인",,2026-06-18 03:18:35.058451+00,KR
000990," DB하이텍",,2026-06-18 03:18:27.197437+00,KR
001040," HD한국조선해양",,2026-06-18 03:18:36.864643+00,KR
001060," JW중외제약",,2026-06-18 03:18:47.688866+00,KR
001120," 성우하이텍",,2026-06-18 03:18:54.057376+00,KR
001430," 세아베스틸지주",,2026-06-18 03:19:09.272542+00,KR
001440," 지아이이노베이션",,2026-06-18 03:18:39.838322+00,KR
001450," 현대해상",,2026-06-18 03:18:29.342037+00,KR
001530," DI동일",,2026-06-18 03:18:49.178982+00,KR
001680," 넷마블",,2026-06-18 03:18:54.285282+00,KR
001740," SK네트웍스",,2026-06-18 03:18:24.113737+00,KR
001800," 한온시스템",,2026-06-18 03:18:33.587944+00,KR
002030," 아세아",,2026-06-18 03:19:06.546689+00,KR
002320," 현대제철",,2026-06-18 03:18:53.06289+00,KR
002380," GS",,2026-06-18 03:18:36.074139+00,KR
002710," TCC스틸",,2026-06-18 03:19:05.969767+00,KR
002790," 한진",,2026-06-18 03:18:53.172608+00,KR
002840," 미원상사",,2026-06-18 03:18:51.710519+00,KR
003000," 부광약품",,2026-06-18 03:19:04.020145+00,KR
003030," 세아제강지주",,2026-06-18 03:19:04.936286+00,KR
003090," 대웅",,2026-06-18 03:19:00.965994+00,KR
003230," 삼양식품",,2026-06-18 03:18:57.558875+00,KR
003240," 경인양행",,2026-06-18 03:18:56.09431+00,KR
003380," 코스모신소재",,2026-06-18 03:18:56.658602+00,KR
003490," 대한항공",,2026-06-18 03:18:29.797245+00,KR
003530," 한화투자증권",,2026-06-18 03:19:02.559848+00,KR
003540," 씨에스윈드",,2026-06-18 03:18:55.407301+00,KR
003550," 호텔신라",,2026-06-18 03:18:32.246036+00,KR
003570," SNT다이내믹스",,2026-06-18 03:19:00.179428+00,KR
003620," KG모빌리티",,2026-06-18 03:19:04.243794+00,KR
003670," 포스코퓨처엠",,2026-06-18 03:18:48.269184+00,KR
003690," 동양생명",,2026-06-18 03:18:34.610947+00,KR
003850," 유수홀딩스",,2026-06-18 03:18:42.893131+00,KR
004000," 송원산업",,2026-06-18 03:18:43.226041+00,KR
004020," 애경산업",,2026-06-18 03:18:52.946905+00,KR
004170," 신세계",,2026-06-18 03:18:23.664818+00,KR
004370," 농심",,2026-06-18 03:18:48.382835+00,KR
004430," 진에어",,2026-06-18 03:18:43.110982+00,KR
004490," 경동나비엔",,2026-06-18 03:18:35.960135+00,KR
004800," 효성",,2026-06-18 03:18:30.54869+00,KR
004990," SK바이오사이언스",,2026-06-18 03:18:47.015624+00,KR
005070," 아이센스",,2026-06-18 03:18:56.54714+00,KR
005180," 빙그레",,2026-06-18 03:18:52.508804+00,KR
005250," 녹십자홀딩스",,2026-06-18 03:19:07.358903+00,KR
005290," 동진쎄미켐",,2026-06-18 03:18:29.115452+00,KR
005300," 롯데웰푸드",,2026-06-18 03:18:56.324949+00,KR
005380," 현대차",,2026-06-18 03:18:29.225544+00,KR
005420," 코스모화학",,2026-06-18 03:19:03.339173+00,KR
005490," 롯데지주",,2026-06-18 03:18:47.127674+00,KR
005830," 롯데정밀화학",,2026-06-18 03:18:43.35116+00,KR
005850," 에스엘",,2026-06-18 03:18:28.22077+00,KR
005930,삼성전자,,2026-06-18 01:16:55.80296+00,KR
005940," CJ",,2026-06-18 03:18:37.104329+00,KR
006040," 동원산업",,2026-06-18 03:18:58.699705+00,KR
006260," LS",,2026-06-18 03:18:28.331954+00,KR
006280," 녹십자",,2026-06-18 03:18:48.497139+00,KR
006360," 금호석유화학",,2026-06-18 03:18:41.523913+00,KR
006650," 롯데렌탈",,2026-06-18 03:18:44.372308+00,KR
006730," 서부T&D",,2026-06-18 03:18:58.245641+00,KR
006800," 미스토홀딩스",,2026-06-18 03:18:45.840546+00,KR
007070," 팬오션",,2026-06-18 03:18:43.805647+00,KR
007310," 오뚜기",,2026-06-18 03:18:51.365074+00,KR
007340," 고영",,2026-06-18 03:18:31.333063+00,KR
007390," 네이처셀",,2026-06-18 03:18:25.003777+00,KR
007660," 한화오션",,2026-06-18 03:18:33.812144+00,KR
008730," 율촌화학",,2026-06-18 03:19:08.598683+00,KR
008770," 하나머티리얼즈",,2026-06-18 03:18:32.022642+00,KR
008930," 한미사이언스",,2026-06-18 03:19:02.673655+00,KR
009150," 삼성전기",,2026-06-18 03:18:22.009249+00,KR
009240," 한샘",,2026-06-18 03:18:49.63818+00,KR
009420," 한올바이오파마",,2026-06-18 03:18:27.640934+00,KR
009450," 케이엠더블유",,2026-06-18 03:18:35.725479+00,KR
009520," 포스코엠텍",,2026-06-18 03:19:00.406115+00,KR
009540," 아시아나항공",,2026-06-18 03:18:36.631083+00,KR
009830," 휴젤",,2026-06-18 03:18:43.574577+00,KR
009900," HLB테라퓨틱스",,2026-06-18 03:19:01.416739+00,KR
009970," 영원무역홀딩스",,2026-06-18 03:18:48.725353+00,KR
010060," OCI홀딩스",,2026-06-18 03:18:27.530028+00,KR
010120," LS ELECTRIC",,2026-06-18 03:18:25.681831+00,KR
010130," 고려아연",,2026-06-18 03:19:00.062133+00,KR
010140," HMM",,2026-06-18 03:18:37.883356+00,KR
010170," 대한광통신",,2026-06-18 03:18:22.194008+00,KR
010950," HD현대건설기계",,2026-06-18 03:18:37.215296+00,KR
011070," LG이노텍",,2026-06-18 03:18:22.309027+00,KR
011170," 이노션",,2026-06-18 03:18:40.175412+00,KR
011200," 한화에어로스페이스",,2026-06-18 03:18:37.664152+00,KR
011210," 한국기업평가",,2026-06-18 03:18:42.541245+00,KR
011780," 레인보우로보틱스",,2026-06-18 03:18:41.412086+00,KR
011790," 한진칼",,2026-06-18 03:18:34.502009+00,KR
012330," 현대모비스",,2026-06-18 03:18:27.308341+00,KR
012450," S-Oil",,2026-06-18 03:18:37.43909+00,KR
012610," 비에이치아이",,2026-06-18 03:18:55.982368+00,KR
012630," HDC",,2026-06-18 03:18:48.950656+00,KR
012750," KT",,2026-06-18 03:18:45.617418+00,KR
013580," 계룡건설",,2026-06-18 03:19:03.006022+00,KR
014620," 매일유업",,2026-06-18 03:18:46.677196+00,KR
014680," 현대건설",,2026-06-18 03:18:35.614149+00,KR
014820," 동원시스템즈",,2026-06-18 03:19:00.633066+00,KR
015750," LX세미콘",,2026-06-18 03:18:53.948535+00,KR
015760," LG유플러스",,2026-06-18 03:18:44.70808+00,KR
016360," 더존비즈온",,2026-06-18 03:18:31.2216+00,KR
017670," 하나금융지주",,2026-06-18 03:18:30.998578+00,KR
017800," 씨아이에스",,2026-06-18 03:18:53.504282+00,KR
017960," 티웨이항공",,2026-06-18 03:18:55.178303+00,KR
018250," 덴티움",,2026-06-18 03:18:52.838132+00,KR
018260," 삼성에스디에스",,2026-06-18 03:18:27.869177+00,KR
018290," 브이티",,2026-06-18 03:19:06.888934+00,KR
018670," SK가스",,2026-06-18 03:18:50.776092+00,KR
018880," OCI",,2026-06-18 03:18:33.3654+00,KR
020150," KT&G",,2026-06-18 03:18:33.022439+00,KR
020560," LG디스플레이",,2026-06-18 03:18:36.408202+00,KR
021240," 올릭스",,2026-06-18 03:18:36.518834+00,KR
022100," 포스코DX",,2026-06-18 03:19:03.792712+00,KR
023530," 롯데쇼핑",,2026-06-18 03:18:25.117905+00,KR
023590," 다우기술",,2026-06-18 03:18:59.37988+00,KR
024110," 코웨이",,2026-06-18 03:18:36.744352+00,KR
025320," 시노펙스",,2026-06-18 03:19:04.467676+00,KR
025860," 남해화학",,2026-06-18 03:19:04.695995+00,KR
025900," 동화기업",,2026-06-18 03:19:05.402169+00,KR
025980," 아난티",,2026-06-18 03:19:05.858095+00,KR
026960," DL",,2026-06-18 03:18:44.035445+00,KR
028050," 삼성E&A",,2026-06-18 03:18:28.895664+00,KR
028260," 삼성물산",,2026-06-18 03:18:25.569592+00,KR
028300," 리노공업",,2026-06-18 03:18:41.759116+00,KR
028670," 한화솔루션",,2026-06-18 03:18:43.690974+00,KR
029780," 대한유화",,2026-06-18 03:18:44.489638+00,KR
030000," 파라다이스",,2026-06-18 03:18:40.957297+00,KR
030200," 서울보증보험",,2026-06-18 03:18:45.507022+00,KR
030520," 한글과컴퓨터",,2026-06-18 03:18:48.037362+00,KR
031210," 제주항공",,2026-06-18 03:18:45.385165+00,KR
031980," 피에스케이홀딩스",,2026-06-18 03:18:26.237175+00,KR
032190," 다우데이타",,2026-06-18 03:18:58.363021+00,KR
032350," 하이브",,2026-06-18 03:18:54.724304+00,KR
032500," 두산로보틱스",,2026-06-18 03:18:35.50284+00,KR
032640," 삼성카드",,2026-06-18 03:18:44.599373+00,KR
032830," 삼성생명",,2026-06-18 03:18:23.779514+00,KR
033100," 두산에너빌리티",,2026-06-18 03:18:38.669242+00,KR
033270," POSCO홀딩스",,2026-06-18 03:18:47.240434+00,KR
033500," CJ대한통운",,2026-06-18 03:19:01.197235+00,KR
033780," RFHIC",,2026-06-18 03:18:32.804214+00,KR
034020," 메리츠금융지주",,2026-06-18 03:18:38.438293+00,KR
034220," 세방전지",,2026-06-18 03:18:36.186213+00,KR
034230," HD현대",,2026-06-18 03:18:40.8464+00,KR
034730," SK",,2026-06-18 03:18:24.448332+00,KR
034950," 한국항공우주",,2026-06-18 03:18:42.428883+00,KR
035250," 강원랜드",,2026-06-18 03:18:48.608623+00,KR
035420," 신한지주",,2026-06-18 03:18:31.683449+00,KR
035720," 카카오",,2026-06-18 03:18:59.151467+00,KR
035760," CJ ENM",,2026-06-18 03:19:08.259035+00,KR
035900," JYP Ent.",,2026-06-18 03:18:51.821798+00,KR
036460," 한국가스공사",,2026-06-18 03:18:47.810864+00,KR
036540," 오리온",,2026-06-18 03:18:37.550892+00,KR
036570," HD현대일렉트릭",,2026-06-18 03:18:32.693039+00,KR
036810," 에프에스티",,2026-06-18 03:18:47.576145+00,KR
036830," 솔브레인홀딩스",,2026-06-18 03:19:02.786139+00,KR
036930," 주성엔지니어링",,2026-06-18 03:18:22.541977+00,KR
039030," 이오테크닉스",,2026-06-18 03:18:27.98942+00,KR
039130," 대상",,2026-06-18 03:18:54.395431+00,KR
039200," 오스코텍",,2026-06-18 03:18:51.001402+00,KR
039490," 키움증권",,2026-06-18 03:18:49.065686+00,KR
041190," 우리기술투자",,2026-06-18 03:18:59.602423+00,KR
041510," 에스엠",,2026-06-18 03:18:58.135215+00,KR
042000," 카페24",,2026-06-18 03:19:07.473515+00,KR
042660," KB금융",,2026-06-18 03:18:33.700688+00,KR
042700," 한미반도체",,2026-06-18 03:18:26.459052+00,KR
046890," 서울반도체",,2026-06-18 03:18:29.459431+00,KR
047040," 대우건설",,2026-06-18 03:18:24.338638+00,KR
047050," 포스코인터내셔널",,2026-06-18 03:18:58.001698+00,KR
047810," JB금융지주",,2026-06-18 03:18:42.309738+00,KR
048410," 현대바이오",,2026-06-18 03:18:50.658132+00,KR
049070," NAVER",,2026-06-18 03:18:31.912073+00,KR
050890," 알테오젠",,2026-06-18 03:18:39.147087+00,KR
051600," 한전KPS",,2026-06-18 03:18:47.926675+00,KR
051900," LG생활건강",,2026-06-18 03:18:49.292642+00,KR
051910," BNK금융지주",,2026-06-18 03:18:37.994995+00,KR
052690," iM금융지주",,2026-06-18 03:18:40.622057+00,KR
053030," 바이넥스",,2026-06-18 03:19:08.81888+00,KR
053610," 프로텍",,2026-06-18 03:18:26.348458+00,KR
053800," 엘앤에프",,2026-06-18 03:18:46.065679+00,KR
055550," 삼성증권",,2026-06-18 03:18:31.444373+00,KR
056190," HLB",,2026-06-18 03:18:41.868172+00,KR
058470," GS건설",,2026-06-18 03:18:41.636526+00,KR
058610," 에스피지",,2026-06-18 03:18:48.838896+00,KR
058970," 엠로",,2026-06-18 03:19:09.04711+00,KR
060250," NHN KCP",,2026-06-18 03:18:59.270659+00,KR
060280," 큐렉소",,2026-06-18 03:19:07.807383+00,KR
062040," 산일전기",,2026-06-18 03:18:27.754418+00,KR
064350," 이수페타시스",,2026-06-18 03:18:34.041636+00,KR
064400," LG씨엔에스",,2026-06-18 03:18:28.444026+00,KR
064550," 바이오니아",,2026-06-18 03:19:08.484592+00,KR
064760," 티씨케이",,2026-06-18 03:18:30.330285+00,KR
065350," 신성델타테크",,2026-06-18 03:19:07.24489+00,KR
065660," 안트로젠",,2026-06-18 03:19:06.432584+00,KR
066570," LG전자",,2026-06-18 03:18:25.230135+00,KR
066970," 미래에셋증권",,2026-06-18 03:18:45.953469+00,KR
067160," SOOP",,2026-06-18 03:18:59.715803+00,KR
067310," 하나마이크론",,2026-06-18 03:18:26.126307+00,KR
068270," 웹젠",,2026-06-18 03:18:45.047859+00,KR
068760," 셀트리온제약",,2026-06-18 03:19:05.513127+00,KR
069080," 에코프로",,2026-06-18 03:18:44.932079+00,KR
069260," 셀트리온",,2026-06-18 03:18:45.161213+00,KR
069620," 대웅제약",,2026-06-18 03:18:59.948934+00,KR
069960," 현대백화점",,2026-06-18 03:18:23.3263+00,KR
071050," 씨젠",,2026-06-18 03:18:38.327227+00,KR
071320," 지역난방공사",,2026-06-18 03:18:50.422504+00,KR
071970," HD현대마린엔진",,2026-06-18 03:18:52.287647+00,KR
073240," 금호타이어",,2026-06-18 03:18:51.484863+00,KR
074600," 원익QnC",,2026-06-18 03:18:29.005687+00,KR
078340," 컴투스",,2026-06-18 03:18:59.037448+00,KR
078600," 에스에프에이",,2026-06-18 03:18:41.980982+00,KR
078930," 한솔케미칼",,2026-06-18 03:18:35.835601+00,KR
079370," 제우스",,2026-06-18 03:19:06.086309+00,KR
079550," LIG D&A",,2026-06-18 03:18:26.57614+00,KR
080220," 제주반도체",,2026-06-18 03:18:22.990404+00,KR
081660," 에스원",,2026-06-18 03:18:45.729423+00,KR
082270," 젬백스",,2026-06-18 03:19:09.725919+00,KR
082640," 한화비전",,2026-06-18 03:18:34.388832+00,KR
082740," 한국타이어앤테크놀로지",,2026-06-18 03:18:32.359094+00,KR
083420," 리가켐바이오",,2026-06-18 03:19:01.756055+00,KR
083650," 메가스터디교육",,2026-06-18 03:18:55.866939+00,KR
084370," 유진테크",,2026-06-18 03:18:24.779577+00,KR
084850," 아이티엠반도체",,2026-06-18 03:19:06.772422+00,KR
085660," 차바이오텍",,2026-06-18 03:19:05.629619+00,KR
086280," 코오롱인더",,2026-06-18 03:18:40.399457+00,KR
086450," 동국제약",,2026-06-18 03:18:52.067117+00,KR
086520," 한국전력",,2026-06-18 03:18:44.820566+00,KR
086790," 에코프로에이치엔",,2026-06-18 03:18:30.881284+00,KR
086900," 메디톡스",,2026-06-18 03:19:03.56584+00,KR
087010," 한미약품",,2026-06-18 03:18:46.453786+00,KR
088350," 한화생명",,2026-06-18 03:18:30.660168+00,KR
089030," 테크윙",,2026-06-18 03:18:28.664689+00,KR
089590," TKG휴켐스",,2026-06-18 03:18:45.272236+00,KR
089860," 솔루엠",,2026-06-18 03:18:44.262113+00,KR
090430," 아모레퍼시픽",,2026-06-18 03:19:00.742955+00,KR
091120," 이엠텍",,2026-06-18 03:19:09.837069+00,KR
091700," 코스맥스",,2026-06-18 03:18:55.64279+00,KR
091810," SK이노베이션",,2026-06-18 03:18:55.062203+00,KR
093370," 후성",,2026-06-18 03:18:24.225633+00,KR
094360," 칩스앤미디어",,2026-06-18 03:18:58.924056+00,KR
095340," DN오토모티브",,2026-06-18 03:18:31.56352+00,KR
095500," 미래나노텍",,2026-06-18 03:19:07.585285+00,KR
095610," 테스",,2026-06-18 03:18:23.216105+00,KR
095660," 종근당",,2026-06-18 03:18:56.883807+00,KR
096530," 삼성중공업",,2026-06-18 03:18:38.106301+00,KR
096770," 피엔티",,2026-06-18 03:18:54.94852+00,KR
097950," 코스메카코리아",,2026-06-18 03:18:53.726248+00,KR
098460," SK텔레콤",,2026-06-18 03:18:31.109783+00,KR
099190," 롯데칠성",,2026-06-18 03:18:56.435572+00,KR
100090," SK오션플랜트",,2026-06-18 03:18:50.090011+00,KR
101360," 에코앤드림",,2026-06-18 03:19:09.501936+00,KR
101490," 에스앤에스텍",,2026-06-18 03:19:03.117433+00,KR
101730," 위메이드맥스",,2026-06-18 03:19:09.390789+00,KR
103140," 풍산",,2026-06-18 03:19:05.745361+00,KR
103590," 기아",,2026-06-18 03:18:34.944175+00,KR
105560," F&F",,2026-06-18 03:18:33.475621+00,KR
108320," CJ제일제당",,2026-06-18 03:18:53.837592+00,KR
108860," 셀바스AI",,2026-06-18 03:19:05.060287+00,KR
111770," 안랩",,2026-06-18 03:18:46.222919+00,KR
112040," 위메이드",,2026-06-18 03:19:07.016813+00,KR
112610," 한국카본",,2026-06-18 03:18:55.29232+00,KR
114090," GKL",,2026-06-18 03:18:49.979237+00,KR
114840," 아이패밀리에스씨",,2026-06-18 03:18:59.490331+00,KR
115450," 동성화인텍",,2026-06-18 03:19:01.306894+00,KR
120110," 롯데케미칼",,2026-06-18 03:18:40.285912+00,KR
121600," 명신산업",,2026-06-18 03:19:01.5303+00,KR
122870," 아모레퍼시픽홀딩스",,2026-06-18 03:18:53.28245+00,KR
128940," 영원무역",,2026-06-18 03:18:46.34049+00,KR
131290," 티에스이",,2026-06-18 03:18:23.440123+00,KR
131970," 두산테스나",,2026-06-18 03:18:25.453724+00,KR
137310," 에스디바이오센서",,2026-06-18 03:19:01.078842+00,KR
137400," 롯데관광개발",,2026-06-18 03:18:54.835644+00,KR
138040," LG화학",,2026-06-18 03:18:38.215802+00,KR
138930," SFA반도체",,2026-06-18 03:18:37.774519+00,KR
139130," 현대글로비스",,2026-06-18 03:18:40.512121+00,KR
139480," 이마트",,2026-06-18 03:18:52.617983+00,KR
140410," 메지온",,2026-06-18 03:19:05.285352+00,KR
140860," 대주전자재료",,2026-06-18 03:18:42.090308+00,KR
141080," 나노신소재",,2026-06-18 03:19:01.645429+00,KR
145020," DB손해보험",,2026-06-18 03:18:43.4623+00,KR
145720," SK바이오팜",,2026-06-18 03:18:52.728177+00,KR
160190," 하이젠알앤엠",,2026-06-18 03:19:09.613846+00,KR
161390," 인탑스",,2026-06-18 03:18:32.132095+00,KR
161580," 덕산네오룩스",,2026-06-18 03:19:01.979003+00,KR
161890," 일진전기",,2026-06-18 03:18:35.169555+00,KR
166090," ISC",,2026-06-18 03:18:31.79854+00,KR
171090," 네오위즈",,2026-06-18 03:18:56.993912+00,KR
175330," 파크시스템스",,2026-06-18 03:18:42.200455+00,KR
178320," 서진시스템",,2026-06-18 03:18:25.792993+00,KR
178920," 현대위아",,2026-06-18 03:18:42.652666+00,KR
179900," 유티아이",,2026-06-18 03:19:06.657415+00,KR
180640," 현대로템",,2026-06-18 03:18:34.263827+00,KR
183300," 코미코",,2026-06-18 03:18:24.892094+00,KR
185750," 하림지주",,2026-06-18 03:18:56.77192+00,KR
189300," 인텔리안테크",,2026-06-18 03:19:03.908041+00,KR
192080," 더블유게임즈",,2026-06-18 03:18:29.686465+00,KR
192820," 대신증권",,2026-06-18 03:18:55.520451+00,KR
194480," 데브시스터즈",,2026-06-18 03:19:08.034704+00,KR
195870," 해성디에스",,2026-06-18 03:18:28.783352+00,KR
195940," HK이노엔",,2026-06-18 03:18:57.781452+00,KR
196170," 제룡전기",,2026-06-18 03:18:38.903148+00,KR
200130," 콜마비앤에이치",,2026-06-18 03:19:07.697443+00,KR
200880," 서연이화",,2026-06-18 03:18:49.862808+00,KR
204270," 제이앤티씨",,2026-06-18 03:19:04.583836+00,KR
204320," HL만도",,2026-06-18 03:18:26.914635+00,KR
207940," 시프트업",,2026-06-18 03:18:41.191774+00,KR
213420," KPX그린케미칼",,2026-06-18 03:19:01.867572+00,KR
213500," 하나투어",,2026-06-18 03:18:54.505002+00,KR
214150," 클래시스",,2026-06-18 03:18:57.106976+00,KR
214320," 카카오뱅크",,2026-06-18 03:18:40.064021+00,KR
214370," 케어젠",,2026-06-18 03:19:00.85534+00,KR
214450," 파마리서치",,2026-06-18 03:18:47.351823+00,KR
215000," 골프존",,2026-06-18 03:19:02.331813+00,KR
215200," 파트론",,2026-06-18 03:18:55.755082+00,KR
218410," 한화엔진",,2026-06-18 03:18:32.58208+00,KR
222080," 와이지엔터테인먼트",,2026-06-18 03:18:53.394902+00,KR
222800," 심텍",,2026-06-18 03:18:23.892136+00,KR
225570," 넥슨게임즈",,2026-06-18 03:19:04.130854+00,KR
226950," KCC",,2026-06-18 03:18:36.296785+00,KR
229640," LS에코에너지",,2026-06-18 03:18:30.213452+00,KR
232140," 와이씨",,2026-06-18 03:19:00.519201+00,KR
237690," 두산밥캣",,2026-06-18 03:18:39.259353+00,KR
240810," 원익IPS",,2026-06-18 03:18:24.5582+00,KR
241560," LG에너지솔루션",,2026-06-18 03:18:39.033562+00,KR
241590," 화승엔터프라이즈",,2026-06-18 03:19:08.147693+00,KR
241710," 현대엘리베이터",,2026-06-18 03:18:53.612698+00,KR
247540," 성광벤드",,2026-06-18 03:18:46.791931+00,KR
248070," 동서",,2026-06-18 03:18:44.148977+00,KR
251270," LX인터내셔널",,2026-06-18 03:18:54.17148+00,KR
253450," 스튜디오드래곤",,2026-06-18 03:19:08.708779+00,KR
253590," 네오셈",,2026-06-18 03:18:50.200878+00,KR
257720," 태성",,2026-06-18 03:19:02.212422+00,KR
259960," 크래프톤",,2026-06-18 03:18:51.594575+00,KR
263750," 펄어비스",,2026-06-18 03:18:59.830975+00,KR
267250," 한전기술",,2026-06-18 03:18:40.733003+00,KR
267260," LG",,2026-06-18 03:18:32.471505+00,KR
267270," 기업은행",,2026-06-18 03:18:36.974918+00,KR
267980," 펩트론",,2026-06-18 03:18:46.565528+00,KR
268280," 미원에스씨",,2026-06-18 03:18:58.587954+00,KR
271560," NH투자증권",,2026-06-18 03:18:37.328693+00,KR
272210," 쏠리드",,2026-06-18 03:18:39.369098+00,KR
272290," 이녹스첨단소재",,2026-06-18 03:18:51.249896+00,KR
272450," 보령",,2026-06-18 03:18:43.001891+00,KR
277810," 삼성바이오로직스",,2026-06-18 03:18:41.302162+00,KR
278280," 천보",,2026-06-18 03:19:06.196613+00,KR
278470," 에이피알",,2026-06-18 03:18:30.439152+00,KR
280360," 태광산업",,2026-06-18 03:18:56.207798+00,KR
281740," 레이크머티리얼즈",,2026-06-18 03:18:57.670251+00,KR
281820," 케이씨텍",,2026-06-18 03:18:24.668469+00,KR
282330," BGF리테일",,2026-06-18 03:18:49.749126+00,KR
285130," SK케미칼",,2026-06-18 03:18:57.330292+00,KR
290650," 엘앤씨바이오",,2026-06-18 03:18:28.55531+00,KR
293490," 카카오게임즈",,2026-06-18 03:19:08.372603+00,KR
294870," HDC현대산업개발",,2026-06-18 03:18:50.534568+00,KR
298020," 효성티앤씨",,2026-06-18 03:19:03.44812+00,KR
298040," 효성중공업",,2026-06-18 03:18:26.01515+00,KR
298050," HS효성첨단소재",,2026-06-18 03:18:51.132111+00,KR
298380," 에이비엘바이오",,2026-06-18 03:19:04.815112+00,KR
298690," 에어부산",,2026-06-18 03:18:51.946333+00,KR
300720," 한일시멘트",,2026-06-18 03:18:58.811736+00,KR
302440," 에코프로비엠",,2026-06-18 03:18:46.902797+00,KR
307950," 현대오토에버",,2026-06-18 03:18:25.343619+00,KR
310210," 보로노이",,2026-06-18 03:18:52.177375+00,KR
316140," 한국금융지주",,2026-06-18 03:18:38.555626+00,KR
317330," 덕산테코피아",,2026-06-18 03:19:09.161307+00,KR
319660," 피에스케이",,2026-06-18 03:18:22.876439+00,KR
323280," 필옵틱스",,2026-06-18 03:19:02.090956+00,KR
323410," 대한전선",,2026-06-18 03:18:39.949392+00,KR
328130," 루닛",,2026-06-18 03:19:07.130063+00,KR
329180," HD현대중공업",,2026-06-18 03:18:28.099534+00,KR
336260," 두산퓨얼셀",,2026-06-18 03:18:26.685428+00,KR
336370," 엔씨소프트",,2026-06-18 03:18:32.912297+00,KR
336570," 원텍",,2026-06-18 03:19:04.35354+00,KR
348210," 넥스틴",,2026-06-18 03:18:57.892216+00,KR
348370," 엔켐",,2026-06-18 03:19:07.920816+00,KR
352480," 씨앤씨인터내셔널",,2026-06-18 03:19:03.676355+00,KR
352820," 한솔제지",,2026-06-18 03:18:54.615629+00,KR
353200," 대덕전자",,2026-06-18 03:18:23.104594+00,KR
356860," 티엘비",,2026-06-18 03:18:26.80291+00,KR
357780," 코리안리",,2026-06-18 03:18:34.832598+00,KR
358570," 한국앤컴퍼니",,2026-06-18 03:18:39.592473+00,KR
361610," SK아이이테크놀로지",,2026-06-18 03:19:02.895236+00,KR
365340," 성일하이텍",,2026-06-18 03:19:03.229202+00,KR
373220," 우리금융지주",,2026-06-18 03:18:38.79231+00,KR
375500," DL이앤씨",,2026-06-18 03:18:29.908648+00,KR
376300," 디어유",,2026-06-18 03:19:06.319965+00,KR
377300," 카카오페이",,2026-06-18 03:18:52.396948+00,KR
383220," 롯데에너지머티리얼즈",,2026-06-18 03:18:33.254639+00,KR
383310," 삼성SDI",,2026-06-18 03:18:30.769713+00,KR
394280," 오픈엣지테크놀로지",,2026-06-18 03:18:49.521592+00,KR
399720," 가온칩스",,2026-06-18 03:18:50.886729+00,KR
402340," SK스퀘어",,2026-06-18 03:18:22.424087+00,KR
403870," HPSP",,2026-06-18 03:18:25.901513+00,KR
417200," LS머트리얼즈",,2026-06-18 03:18:50.312292+00,KR
420770," 기가비스",,2026-06-18 03:18:23.551229+00,KR
443060," HD현대마린솔루션",,2026-06-18 03:18:29.573053+00,KR
450080," 에코프로머티",,2026-06-18 03:19:00.290925+00,KR
454910," 한화",,2026-06-18 03:18:35.280563+00,KR
456040," 솔루스첨단소재",,2026-06-18 03:18:33.133196+00,KR
457190," 이수스페셜티케미컬",,2026-06-18 03:18:49.408312+00,KR
462870," 제일기획",,2026-06-18 03:18:41.066455+00,KR
489790," 국도화학",,2026-06-18 03:18:34.152323+00,KR
A,Agilent Technologies,,2026-06-18 04:38:31.586551+00,US
AAPL,Apple Inc.,,2026-06-18 04:38:29.089887+00,US
ABBV,AbbVie,,2026-06-18 04:38:31.813513+00,US
ABNB,Airbnb,,2026-06-18 04:38:32.503524+00,US
ABT,Abbott Laboratories,,2026-06-18 04:39:01.950087+00,US
ACGL,Arch Capital Group,,2026-06-18 04:38:55.19498+00,US
ACN,Accenture,,2026-06-18 04:39:08.282075+00,US
ADBE,Adobe Inc.,,2026-06-18 04:39:09.521073+00,US
ADI,Analog Devices,,2026-06-18 04:38:21.504141+00,US
ADM,Archer Daniels Midland,,2026-06-18 04:38:28.522843+00,US
ADP,Automatic Data Processing,,2026-06-18 04:38:49.790888+00,US
ADSK,Autodesk,,2026-06-18 04:39:08.62053+00,US
AEE,Ameren,,2026-06-18 04:38:39.448625+00,US
AEP,American Electric Power,,2026-06-18 04:38:40.699559+00,US
AES,AES Corporation,,2026-06-18 04:38:42.631854+00,US
AFL,Aflac,,2026-06-18 04:38:43.531476+00,US
AIG,American International Group,,2026-06-18 04:38:58.00493+00,US
AIZ,Assurant,,2026-06-18 04:38:23.448117+00,US
AJG,Arthur J. Gallagher & Co.,,2026-06-18 04:38:49.332821+00,US
AKAM,Akamai Technologies,,2026-06-18 04:38:24.274521+00,US
ALB,Albemarle Corporation,,2026-06-18 04:38:38.085634+00,US
ALGN,Align Technology,,2026-06-18 04:38:41.263814+00,US
ALL,Allstate,,2026-06-18 04:38:36.839568+00,US
ALLE,Allegion,,2026-06-18 04:38:58.907022+00,US
AMAT,Applied Materials,,2026-06-18 04:38:13.553527+00,US
AMCR,Amcor,,2026-06-18 04:38:44.705493+00,US
AMD,Advanced Micro Devices,,2026-06-18 04:38:13.320687+00,US
AME,Ametek,,2026-06-18 04:38:37.067129+00,US
AMGN,Amgen,,2026-06-18 04:38:40.243621+00,US
AMP,Ameriprise Financial,,2026-06-18 04:38:45.269124+00,US
AMT,American Tower,,2026-06-18 04:38:45.382147+00,US
AMZN,Amazon,,2026-06-18 04:38:52.167313+00,US
ANET,Arista Networks,,2026-06-18 04:38:19.04064+00,US
ANSS,Ansys,,2026-06-18 04:38:46.273037+00,US
AON,Aon plc,,2026-06-18 04:38:49.672783+00,US
AOS,A. O. Smith,,2026-06-18 04:39:00.608239+00,US
APA,APA Corporation,,2026-06-18 04:38:44.818563+00,US
APD,Air Products,,2026-06-18 04:38:50.915926+00,US
APH,Amphenol,,2026-06-18 04:38:16.184423+00,US
APO,Apollo Global Management,,2026-06-18 04:38:31.128797+00,US
APP,AppLo in,,2026-06-18 04:38:44.930457+00,US
APTV,Aptiv,,2026-06-18 04:38:25.622467+00,US
ARE,Alexandria Real Estate Equities,,2026-06-18 04:38:45.716957+00,US
ATO,Atmos Energy,,2026-06-18 04:38:55.753014+00,US
AVB,AvalonBay Communities,,2026-06-18 04:38:50.354966+00,US
AVGO,Broadcom,,2026-06-18 04:38:36.382153+00,US
AVY,Avery Dennison,,2026-06-18 04:38:56.644334+00,US
AWK,American Water Works,,2026-06-18 04:38:52.394201+00,US
AXON,Axon Enterprise,,2026-06-18 04:38:46.944944+00,US
AXP,American Express,,2026-06-18 04:38:32.038007+00,US
AZO,AutoZone,,2026-06-18 04:39:04.878837+00,US
BA,Boeing,,2026-06-18 04:38:40.355079+00,US
BAC,Bank of America,,2026-06-18 04:38:24.153068+00,US
BALL,Ball Corporation,,2026-06-18 04:38:51.02776+00,US
BAX,Baxter International,,2026-06-18 04:38:38.990945+00,US
BBY,Best Buy,,2026-06-18 04:38:18.92825+00,US
BDX,Becton Dickinson,,2026-06-18 04:38:59.13192+00,US
BEN,Franklin Resources,,2026-06-18 04:38:19.93938+00,US
BF.B,Brown–Forman,,2026-06-18 04:39:00.495009+00,US
BG,Bunge Global,,2026-06-18 04:38:50.803534+00,US
BIIB,Biogen,,2026-06-18 04:38:26.081109+00,US
BK,BNY Mellon,,2026-06-18 04:38:19.152243+00,US
BKNG,Booking Holdings,,2026-06-18 04:38:44.591903+00,US
BKR,Baker Hughes,,2026-06-18 04:38:43.87168+00,US
BLDR,Builders FirstSource,,2026-06-18 04:39:01.617119+00,US
BLK,BlackRock,,2026-06-18 04:38:50.017468+00,US
BMY,Bristol Myers Squibb,,2026-06-18 04:38:54.169099+00,US
BR,Broadridge Financial Solutions,,2026-06-18 04:39:06.008789+00,US
BRK.B,Berkshire Hathaway,,2026-06-18 04:38:42.971829+00,US
BRO,Brown & Brown,,2026-06-18 04:39:02.286137+00,US
BSX,Boston Scientific,,2026-06-18 04:39:09.969131+00,US
BX,Blackstone Inc.,,2026-06-18 04:38:47.616768+00,US
BXP,BXP Inc.,,2026-06-18 04:38:34.502379+00,US
C,Citigroup,,2026-06-18 04:38:17.319615+00,US
CAG,Conagra Brands,,2026-06-18 04:39:05.329554+00,US
CAH,Cardinal Health,,2026-06-18 04:38:22.399127+00,US
CARR,Carrier Global,,2026-06-18 04:38:22.988839+00,US
CAT,Caterpillar Inc.,,2026-06-18 04:38:15.504373+00,US
CB,Chubb Limited,,2026-06-18 04:38:43.756161+00,US
CBOE,Cboe Global Markets,,2026-06-18 04:39:07.949387+00,US
CBRE,CBRE Group,,2026-06-18 04:38:59.932486+00,US
CCI,Crown Castle,,2026-06-18 04:38:54.623043+00,US
CCL,Carnival,,2026-06-18 04:38:22.738433+00,US
CDNS,Cadence Design Systems,,2026-06-18 04:38:17.801797+00,US
CDW,CDW Corporation,,2026-06-18 04:38:27.610361+00,US
CEG,Constellation Energy,,2026-06-18 04:38:55.642383+00,US
CF,CF Industries,,2026-06-18 04:38:55.528124+00,US
CFG,Citizens Financial Group,,2026-06-18 04:38:24.503309+00,US
CHD,Church & Dwight,,2026-06-18 04:38:42.518753+00,US
CHRW,C.H. Robinson,,2026-06-18 04:38:23.904644+00,US
CHTR,Charter Communications,,2026-06-18 04:39:09.744498+00,US
CI,Cigna,,2026-06-18 04:38:47.166733+00,US
CINF,Cincinnati Financial,,2026-06-18 04:38:34.241455+00,US
CL,Colgate-Palmolive,,2026-06-18 04:38:36.72145+00,US
CLX,Clorox,,2026-06-18 04:38:57.211813+00,US
CMCSA,Comcast,,2026-06-18 04:39:07.127213+00,US
CME,CME Group,,2026-06-18 04:39:05.782088+00,US
CMG,Chipotle Mexican Grill,,2026-06-18 04:39:03.976076+00,US
CMI,Cummins,,2026-06-18 04:38:18.470618+00,US
CMS,CMS Energy,,2026-06-18 04:38:47.39452+00,US
CNC,Centene Corporation,,2026-06-18 04:38:15.282658+00,US
CNP,CenterPoint Energy,,2026-06-18 04:38:36.609473+00,US
COF,Capital One,,2026-06-18 04:38:42.175394+00,US
COIN,Coinbase,,2026-06-18 04:39:06.680578+00,US
COO,Cooper Companies (The),,2026-06-18 04:38:54.848477+00,US
COP,ConocoPhillips,,2026-06-18 04:38:54.734714+00,US
COR,Cencora,,2026-06-18 04:38:58.231658+00,US
COST,Costco,,2026-06-18 04:38:56.754649+00,US
CPAY,Corpay,,2026-06-18 04:38:33.905948+00,US
CPB,Campbell's Company (The),,2026-06-18 04:38:57.556487+00,US
CPRT,Copart,,2026-06-18 04:39:06.456505+00,US
CPT,Camden Property Trust,,2026-06-18 04:38:35.327473+00,US
CRL,Charles River Laboratories,,2026-06-18 04:38:21.05279+00,US
CRM,Salesforce,,2026-06-18 04:39:07.237298+00,US
CRWD,CrowdStrike,,2026-06-18 04:38:14.727752+00,US
CSCO,Cisco,,2026-06-18 04:38:16.300597+00,US
CSGP,CoStar Group,,2026-06-18 04:39:08.735662+00,US
CSX,CSX Corporation,,2026-06-18 04:38:30.775938+00,US
CTAS,Cintas,,2026-06-18 04:38:58.566683+00,US
CTSH,Cognizant,,2026-06-18 04:39:06.903828+00,US
CTVA,Corteva,,2026-06-18 04:38:50.468525+00,US
CVS,CVS Health,,2026-06-18 04:38:18.81804+00,US
CVX,Chevron Corporation,,2026-06-18 04:38:54.058518+00,US
CZR,Caesars Entertainment,,2026-06-18 04:38:21.948505+00,US
D,Dominion Energy,,2026-06-18 04:38:31.014074+00,US
DAL,Delta Air Lines,,2026-06-18 04:38:17.915295+00,US
DASH,DoorDash,,2026-06-18 04:38:58.342367+00,US
DAY,Dayforce,,2026-06-18 04:38:33.225884+00,US
DD,DuPont,,2026-06-18 04:38:36.150716+00,US
DDOG,nan,,2026-06-18 04:38:14.233325+00,US
DE,Deere & Company,,2026-06-18 04:38:33.087643+00,US
DECK,Deckers Brands,,2026-06-18 04:38:34.953433+00,US
DELL,Dell Technologies,,2026-06-18 04:38:12.964223+00,US
DG,Dollar General,,2026-06-18 04:39:01.505595+00,US
DGX,Quest Diagnostics,,2026-06-18 04:38:36.495397+00,US
DHI,D. R. Horton,,2026-06-18 04:38:31.92557+00,US
DHR,Danaher Corporation,,2026-06-18 04:38:51.943603+00,US
DIS,Walt Disney Company (The),,2026-06-18 04:38:56.422385+00,US
DLR,Digital Realty,,2026-06-18 04:38:41.94417+00,US
DLTR,Dollar Tree,,2026-06-18 04:38:33.794644+00,US
DOC,Healthpeak Properties,,2026-06-18 04:38:27.387432+00,US
DOV,Dover Corporation,,2026-06-18 04:38:34.616423+00,US
DOW,Dow Inc.,,2026-06-18 04:38:58.118953+00,US
DPZ,Domino's,,2026-06-18 04:39:02.177007+00,US
DRI,Darden Restaurants,,2026-06-18 04:38:30.305745+00,US
DTE,DTE Energy,,2026-06-18 04:38:32.859208+00,US
DUK,Duke Energy,,2026-06-18 04:38:45.493431+00,US
DVA,DaVita,,2026-06-18 04:38:15.169381+00,US
DVN,Devon Energy,,2026-06-18 04:38:58.456481+00,US
DXCM,Dexcom,,2026-06-18 04:38:27.841291+00,US
EA,Electronic Arts,,2026-06-18 04:38:38.655609+00,US
EBAY,eBay Inc.,,2026-06-18 04:38:29.378338+00,US
ECL,Ecolab,,2026-06-18 04:38:39.218685+00,US
ED,Consolidated Edison,,2026-06-18 04:38:47.279236+00,US
EFX,Equifax,,2026-06-18 04:39:06.23046+00,US
EG,Everest Group,,2026-06-18 04:38:54.397804+00,US
EIX,Edison International,,2026-06-18 04:38:31.472762+00,US
EL,Estee Lauder Companies (The),,2026-06-18 04:38:52.277514+00,US
ELV,Elevance Health,,2026-06-18 04:38:24.950801+00,US
EME,Emcor Group,,2026-06-18 04:38:34.017641+00,US
EMN,Eastman Chemical Company,,2026-06-18 04:38:47.983851+00,US
EMR,Emerson Electric,,2026-06-18 04:38:25.73775+00,US
ENPH,Enphase Energy,,2026-06-18 04:38:20.829648+00,US
EOG,EOG Resources,,2026-06-18 04:38:39.907894+00,US
EPAM,EPAM Systems,,2026-06-18 04:39:09.856019+00,US
EQIX,Equinix,,2026-06-18 04:38:25.061535+00,US
EQR,Equity Residential,,2026-06-18 04:38:45.157489+00,US
EQT,EQT Corporation,,2026-06-18 04:39:03.64318+00,US
ERIE,Erie Indemnity,,2026-06-18 04:39:02.399513+00,US
ES,Eversource Energy,,2026-06-18 04:38:43.196541+00,US
ESS,Essex Property Trust,,2026-06-18 04:38:35.214663+00,US
ETN,Eaton Corporation,,2026-06-18 04:38:25.510303+00,US
ETR,Entergy,,2026-06-18 04:38:32.620755+00,US
EVRG,Evergy,,2026-06-18 04:38:34.727063+00,US
EW,Edwards Lifesciences,,2026-06-18 04:38:28.633665+00,US
EXC,Exelon,,2026-06-18 04:38:40.922613+00,US
EXE,Expand Energy,,2026-06-18 04:39:04.765739+00,US
EXPD,Expeditors International,,2026-06-18 04:38:28.85971+00,US
EXPE,Expedia Group,,2026-06-18 04:38:29.848156+00,US
EXR,Extra Space Storage,,2026-06-18 04:38:39.334463+00,US
F,Ford Motor Company,,2026-06-18 04:38:26.812506+00,US
FANG,Diamondback Energy,,2026-06-18 04:38:47.729582+00,US
FAST,Fastenal,,2026-06-18 04:38:41.825221+00,US
FCX,Freeport-McMoRan,,2026-06-18 04:38:20.161641+00,US
FDS,FactSet,,2026-06-18 04:38:48.653649+00,US
FDX,FedEx,,2026-06-18 04:38:21.171808+00,US
FE,FirstEnergy,,2026-06-18 04:38:43.983639+00,US
FFIV,F5 Inc.,,2026-06-18 04:38:18.585295+00,US
FICO,Fair Isaac,,2026-06-18 04:39:00.720358+00,US
FIS,Fidelity National Information Services,,2026-06-18 04:39:07.463237+00,US
FITB,Fifth Third Bancorp,,2026-06-18 04:38:12.621746+00,US
FOX,Fox Corporation (Class B),,2026-06-18 04:39:07.348673+00,US
FOXA,Fox Corporation (Class A),,2026-06-18 04:39:08.060856+00,US
FRT,Federal Realty Investment Trust,,2026-06-18 04:38:24.387515+00,US
FSLR,First Solar,,2026-06-18 04:38:19.491344+00,US
FTNT,Fortinet,,2026-06-18 04:38:14.003561+00,US
FTV,Fortive,,2026-06-18 04:38:38.199361+00,US
GD,General Dynamics,,2026-06-18 04:38:26.701377+00,US
GDDY,GoDaddy,,2026-06-18 04:39:07.605546+00,US
GE,GE Aerospace,,2026-06-18 04:38:16.527381+00,US
GEHC,GE HealthCare,,2026-06-18 04:39:04.090407+00,US
GEN,Gen Digital,,2026-06-18 04:38:38.431878+00,US
GEV,GE Vernova,,2026-06-18 04:38:18.694388+00,US
GILD,Gilead Sciences,,2026-06-18 04:38:56.980569+00,US
GIS,General Mills,,2026-06-18 04:39:02.51832+00,US
GL,Globe Life,,2026-06-18 04:38:20.2734+00,US
GLW,Corning Inc.,,2026-06-18 04:38:15.9472+00,US
GM,General Motors,,2026-06-18 04:38:30.418482+00,US
GNRC,Generac,,2026-06-18 04:38:16.060088+00,US
GOOG,Alphabet Inc. (Class C),,2026-06-18 04:38:27.725914+00,US
GOOGL,Alphabet Inc. (Class A),,2026-06-18 04:38:27.498572+00,US
GPC,Genuine Parts Company,,2026-06-18 04:38:39.563812+00,US
GPN,Global Payments,,2026-06-18 04:39:02.061345+00,US
GRMN,Garmin,,2026-06-18 04:38:48.765684+00,US
GS,Goldman Sachs,,2026-06-18 04:38:17.433105+00,US
GWW,W. W. Grainger,,2026-06-18 04:38:22.62142+00,US
HAL,Halliburton,,2026-06-18 04:38:51.254655+00,US
HAS,Hasbro,,2026-06-18 04:39:02.857174+00,US
HBAN,Huntington Bancshares,,2026-06-18 04:38:37.634082+00,US
HCA,HCA Healthcare,,2026-06-18 04:39:05.557698+00,US
HD,Home Depot (The),,2026-06-18 04:38:47.870443+00,US
HES,Hess Corporation,,2026-06-18 04:38:46.159505+00,US
HIG,Hartford (The),,2026-06-18 04:38:57.778714+00,US
HII,Huntington Ingalls Industries,,2026-06-18 04:39:06.119217+00,US
HLT,Hilton Worldwide,,2026-06-18 04:38:23.219549+00,US
HON,Honeywell,,2026-06-18 04:38:35.775849+00,US
HOOD,Robinhood Markets,,2026-06-18 04:38:15.058676+00,US
HPE,Hewlett Packard Enterprise,,2026-06-18 04:38:13.433376+00,US
HPQ,HP Inc.,,2026-06-18 04:38:20.716608+00,US
HRL,Hormel Foods,,2026-06-18 04:38:21.615707+00,US
HSIC,Henry Schein,,2026-06-18 04:38:29.493698+00,US
HST,Host Hotels & Resorts,,2026-06-18 04:38:18.249057+00,US
HSY,Hershey Company (The),,2026-06-18 04:39:02.746029+00,US
HUBB,Hubbell Incorporated,,2026-06-18 04:38:32.744539+00,US
HUM,Humana,,2026-06-18 04:38:13.891729+00,US
HWM,Howmet Aerospace,,2026-06-18 04:38:19.716972+00,US
IBKR,Ibferactive Brokers Group,,2026-06-18 04:38:16.863546+00,US
IBM,IBM,,2026-06-18 04:38:25.285142+00,US
ICE,Intercontinental Exchange,,2026-06-18 04:39:05.893308+00,US
IDXX,Idexx Laboratories,,2026-06-18 04:38:56.864664+00,US
IEX,IDEX Corporation,,2026-06-18 04:38:23.559705+00,US
IFF,International Flavors & Fragrances,,2026-06-18 04:38:38.30962+00,US
INCY,Incyte,,2026-06-18 04:38:33.684793+00,US
INTC,Intel,,2026-06-18 04:38:13.207622+00,US
INTU,Intuit,,2026-06-18 04:39:10.078484+00,US
INVH,Invitation Homes,,2026-06-18 04:38:41.37691+00,US
IP,International Paper,,2026-06-18 04:38:35.665087+00,US
IPG,Interpublic Group of Companies (The),,2026-06-18 04:38:16.750408+00,US
IQV,IQVIA,,2026-06-18 04:38:52.881381+00,US
IR,Ingersoll Rand,,2026-06-18 04:38:49.903582+00,US
IRM,Iron Mountain,,2026-06-18 04:38:23.334464+00,US
ISRG,Intuitive Surgical,,2026-06-18 04:39:05.446798+00,US
IT,Gartner,,2026-06-18 04:39:07.72068+00,US
ITW,Illinois Tool Works,,2026-06-18 04:38:44.097194+00,US
IVZ,Invesco,,2026-06-18 04:38:21.838235+00,US
J,Jacobs Solutions,,2026-06-18 04:38:46.832543+00,US
JBHT,J.B. Hunt,,2026-06-18 04:38:21.393628+00,US
JBL,Jabil,,2026-06-18 04:38:15.835102+00,US
JCI,Johnson Controls,,2026-06-18 04:38:28.746065+00,US
JKHY,Jack Henry & Associates,,2026-06-18 04:39:07.015112+00,US
JNJ,Johnson & Johnson,,2026-06-18 04:38:33.342668+00,US
JNPR,Juniper Networks,,2026-06-18 04:38:46.386008+00,US
JPM,JPMorgan Chase,,2026-06-18 04:38:24.042705+00,US
KDP,Keurig Dr Pepper,,2026-06-18 04:38:25.967712+00,US
KEY,KeyCorp,,2026-06-18 04:38:28.187059+00,US
KEYS,Keysight Technologies,,2026-06-18 04:38:16.637498+00,US
KHC,Kraft Heinz,,2026-06-18 04:38:48.541222+00,US
KIM,Kimco Realty,,2026-06-18 04:38:29.612006+00,US
KKR,KKR & Co.,,2026-06-18 04:38:56.08629+00,US
KLAC,KLA Corporation,,2026-06-18 04:38:13.780995+00,US
KMB,Kimberly-Clark,,2026-06-18 04:38:41.60301+00,US
KMI,Kinder Morgan,,2026-06-18 04:38:51.595908+00,US
KMX,CarMax,,2026-06-18 04:38:18.027458+00,US
KO,Coca-Cola Company (The),,2026-06-18 04:38:37.746171+00,US
KR,Kroger,,2026-06-18 04:39:01.840235+00,US
KVUE,Kenvue,,2026-06-18 04:38:38.766921+00,US
L,Loews Corporation,,2026-06-18 04:38:46.497242+00,US
LDOS,Leidos,,2026-06-18 04:39:09.409992+00,US
LEN,Lennar,,2026-06-18 04:39:00.156621+00,US
LH,Labcorp,,2026-06-18 04:38:49.447036+00,US
LHX,L3Harris,,2026-06-18 04:38:51.367574+00,US
LII,Lennox International,,2026-06-18 04:38:40.133111+00,US
LIN,Linde plc,,2026-06-18 04:38:32.269499+00,US
LKQ,LKQ Corporation,,2026-06-18 04:39:03.303645+00,US
LLY,Lilly (Eli),,2026-06-18 04:38:20.050454+00,US
LMT,Lockheed Martin,,2026-06-18 04:38:52.992774+00,US
LNT,Alliant Energy,,2026-06-18 04:38:35.886645+00,US
LOW,Lowe's,,2026-06-18 04:39:01.058359+00,US
LRCX,Lam Research,,2026-06-18 04:38:13.668683+00,US
LULU,Lululemon Athletica,,2026-06-18 04:39:09.183163+00,US
LUV,Southwest Airlines,,2026-06-18 04:38:20.385873+00,US
LVS,Las Vegas Sands,,2026-06-18 04:39:03.080951+00,US
LW,Lamb Weston,,2026-06-18 04:38:56.311841+00,US
LYB,LyondellBasell,,2026-06-18 04:38:56.533138+00,US
LYV,Live Nation Entertainment,,2026-06-18 04:38:26.346361+00,US
MA,Mastercard,,2026-06-18 04:38:55.416099+00,US
MAA,Mid-America Apartment Communities,,2026-06-18 04:38:39.793422+00,US
MAR,Marriott International,,2026-06-18 04:38:21.727006+00,US
MAS,Masco,,2026-06-18 04:38:25.173151+00,US
MCD,McDonald's,,2026-06-18 04:38:55.305394+00,US
MCHP,Microchip Technology,,2026-06-18 04:38:20.942399+00,US
MCK,McKesson Corporation,,2026-06-18 04:38:55.864988+00,US
MCO,Moody's Corporation,,2026-06-18 04:38:43.642545+00,US
MDLZ,Mondelez International,,2026-06-18 04:38:39.680219+00,US
MDT,Medtronic,,2026-06-18 04:38:59.020811+00,US
MET,MetLife,,2026-06-18 04:38:27.159317+00,US
META,Meta Platforms,,2026-06-18 04:39:03.754027+00,US
MGM,MGM Resorts,,2026-06-18 04:38:15.725842+00,US
MHK,Mohawk Industries,,2026-06-18 04:38:37.177078+00,US
MKC,McCormick & Company,,2026-06-18 04:39:05.219802+00,US
MKTX,MarketAxess,,2026-06-18 04:39:09.296965+00,US
MLM,Martin Marietta Materials,,2026-06-18 04:38:47.05572+00,US
MMM,3M,,2026-06-18 04:38:35.43938+00,US
MNST,Monster Beverage,,2026-06-18 04:38:22.062163+00,US
MO,Altria,,2026-06-18 04:38:41.490651+00,US
MOH,Molina Healthcare,,2026-06-18 04:38:19.270784+00,US
MOS,Mosaic Company (The),,2026-06-18 04:38:56.198908+00,US
MPC,Marathon Petroleum,,2026-06-18 04:38:23.671573+00,US
MPWR,Monolithic Power Systems,,2026-06-18 04:38:23.105284+00,US
MRK,Merck & Co.,,2026-06-18 04:38:36.267068+00,US
MRNA,Moderna,,2026-06-18 04:38:14.615644+00,US
MS,Morgan Stanley,,2026-06-18 04:38:16.412307+00,US
MSCI,MSCI Inc.,,2026-06-18 04:38:32.153063+00,US
MSFT,Microsoft,,2026-06-18 04:39:03.533098+00,US
MSI,Motorola Solutions,,2026-06-18 04:38:55.974999+00,US
MTB,M&T Bank,,2026-06-18 04:38:28.299273+00,US
MTCH,Match Group,,2026-06-18 04:38:37.406468+00,US
MTD,Mettler Toledo,,2026-06-18 04:38:57.325084+00,US
MU,Micron Technology,,2026-06-18 04:38:12.850922+00,US
NCLH,Norwegian Cruise Line Holdings,,2026-06-18 04:38:22.874872+00,US
NDAQ,Nasdaq Inc.,,2026-06-18 04:38:59.354548+00,US
NDSN,Nordson Corporation,,2026-06-18 04:38:30.660555+00,US
NEE,NextEra Energy,,2026-06-18 04:38:53.213837+00,US
NEM,Newmont,,2026-06-18 04:38:51.712987+00,US
NFLX,Netflix,,2026-06-18 04:39:05.66817+00,US
NI,NiSource,,2026-06-18 04:38:38.541239+00,US
NKE,Nike Inc.,,2026-06-18 04:39:01.282766+00,US
NOC,Northrop Grumman,,2026-06-18 04:39:00.382704+00,US
NOW,ServiceNow,,2026-06-18 04:39:04.425984+00,US
NRG,NRG Energy,,2026-06-18 04:38:58.793917+00,US
NSC,Norfolk Southern,,2026-06-18 04:38:53.102033+00,US
NTAP,NetApp,,2026-06-18 04:38:14.466073+00,US
NTRS,Northern Trust,,2026-06-18 04:38:21.284284+00,US
NUE,Nucor,,2026-06-18 04:38:15.614608+00,US
NVDA,Nvidia,,2026-06-18 04:38:42.403458+00,US
NVR,NVR Inc.,,2026-06-18 04:38:52.05523+00,US
NWS,News Corp (Class B),,2026-06-18 04:38:44.435275+00,US
NWSA,News Corp (Class A),,2026-06-18 04:38:42.745793+00,US
NXPI,NXP Semiconductors,,2026-06-18 04:38:18.360591+00,US
O,Realty Income,,2026-06-18 04:38:52.731853+00,US
ODFL,Old Dominion,,2026-06-18 04:38:23.786591+00,US
OKE,Oneok,,2026-06-18 04:38:51.483392+00,US
OMC,Omnicom Group,,2026-06-18 04:38:37.522115+00,US
ON,ON Semiconductor,,2026-06-18 04:38:14.837633+00,US
ORCL,Oracle Corporation,,2026-06-18 04:38:37.857626+00,US
ORLY,O’Reilly Automotive,,2026-06-18 04:38:54.970187+00,US
OTIS,Otis Worldwide,,2026-06-18 04:38:59.802978+00,US
OXY,Occidental Petroleum,,2026-06-18 04:38:48.430278+00,US
PANW,Palo Alto Networks,,2026-06-18 04:38:14.352848+00,US
PARA,Paramount Global,,2026-06-18 04:38:46.04862+00,US
PAYC,Paycom,,2026-06-18 04:39:03.864748+00,US
PAYX,Paychex,,2026-06-18 04:38:43.420439+00,US
PCAR,Paccar,,2026-06-18 04:38:42.057069+00,US
PCG,PG&E Corporation,,2026-06-18 04:38:45.043328+00,US
PEG,Public Service Enterprise Group,,2026-06-18 04:38:45.937295+00,US
PEP,PepsiCo,,2026-06-18 04:38:59.693972+00,US
PFE,Pfizer,,2026-06-18 04:38:48.09383+00,US
PFG,Principal Financial Group,,2026-06-18 04:38:20.49664+00,US
PG,Procter & Gamble,,2026-06-18 04:38:35.551936+00,US
PGR,Progressive Corporation,,2026-06-18 04:38:50.129306+00,US
PH,Parker Hannifin,,2026-06-18 04:38:31.249588+00,US
PHM,PulteGroup,,2026-06-18 04:38:38.878625+00,US
PKG,Packaging Corporation of America,,2026-06-18 04:38:26.926802+00,US
PLD,Prologis,,2026-06-18 04:38:41.150112+00,US
PLTR,Palantir Technologies,,2026-06-18 04:39:00.267167+00,US
PM,Philip Morris International,,2026-06-18 04:38:41.714232+00,US
PNC,PNC Financial Services,,2026-06-18 04:38:27.037605+00,US
PNR,Pentair,,2026-06-18 04:39:04.995871+00,US
PNW,Pinnacle West Capital,,2026-06-18 04:38:33.455072+00,US
PODD,Insulet Corporation,,2026-06-18 04:39:08.846792+00,US
POOL,Pool Corporation,,2026-06-18 04:38:59.577092+00,US
PPG,PPG Industries,,2026-06-18 04:38:27.955986+00,US
PPL,PPL Corporation,,2026-06-18 04:38:51.139351+00,US
PRU,Prudential Financial,,2026-06-18 04:38:36.950379+00,US
PSA,Public Storage,,2026-06-18 04:38:31.361087+00,US
PSX,Phillips 66,,2026-06-18 04:38:35.998936+00,US
PTC,PTC Inc.,,2026-06-18 04:39:08.393524+00,US
PWR,Quanta Services,,2026-06-18 04:38:17.65594+00,US
PYPL,PayPal,,2026-06-18 04:39:03.191952+00,US
QCOM,Qualcomm,,2026-06-18 04:38:15.394291+00,US
RCL,Royal Caribbean Group,,2026-06-18 04:38:22.285649+00,US
REG,Regency Centers,,2026-06-18 04:38:43.308425+00,US
REGN,Regeneron Pharmaceuticals,,2026-06-18 04:39:03.41953+00,US
RF,Regions Financial Corporation,,2026-06-18 04:38:32.972702+00,US
RJF,Raymond James Financial,,2026-06-18 04:38:37.968914+00,US
RL,Ralph Lauren Corporation,,2026-06-18 04:38:19.380878+00,US
RMD,ResMed,,2026-06-18 04:39:06.791361+00,US
ROK,Rockwell Automation,,2026-06-18 04:38:22.511019+00,US
ROL,Rollins Inc.,,2026-06-18 04:39:07.831954+00,US
ROP,Roper Technologies,,2026-06-18 04:38:57.890926+00,US
ROST,Ross Stores,,2026-06-18 04:38:20.607271+00,US
RSG,Republic Services,,2026-06-18 04:38:53.830522+00,US
RTX,RTX Corporation,,2026-06-18 04:38:31.70104+00,US
RVTY,Revvity,,2026-06-18 04:38:37.290769+00,US
SBAC,SBA Communications,,2026-06-18 04:38:59.465231+00,US
SBUX,Starbucks,,2026-06-18 04:38:49.108708+00,US
SCHW,Charles Schwab Corporation,,2026-06-18 04:38:40.810911+00,US
SHW,Sherwin-Williams,,2026-06-18 04:38:53.354907+00,US
SJM,J.M. Smucker Company (The),,2026-06-18 04:38:22.176221+00,US
SLB,Schlumberger,,2026-06-18 04:38:52.507101+00,US
SMCI,Supermicro,,2026-06-18 04:39:01.728751+00,US
SNA,Snap-on,,2026-06-18 04:38:34.130654+00,US
SNPS,Synopsys,,2026-06-18 04:38:52.620104+00,US
SO,Southern Company,,2026-06-18 04:38:45.827107+00,US
SOLV,Solventum,,2026-06-18 04:38:46.60884+00,US
SPG,Simon Property Group,,2026-06-18 04:38:29.959771+00,US
SPGI,S&P Global,,2026-06-18 04:38:53.946909+00,US
SRE,Sempra,,2026-06-18 04:38:45.604583+00,US
STE,Steris,,2026-06-18 04:39:04.201469+00,US
STLD,Steel Dynamics,,2026-06-18 04:38:14.947553+00,US
STT,State Street Corporation,,2026-06-18 04:38:17.546209+00,US
STX,Seagate Technology,,2026-06-18 04:38:13.089459+00,US
STZ,Constellation Brands,,2026-06-18 04:39:00.943699+00,US
SW,Smurfit Westrock,,2026-06-18 04:38:28.068075+00,US
SWK,Stanley Black & Decker,,2026-06-18 04:38:26.217393+00,US
SWKS,Skyworks Solutions,,2026-06-18 04:38:30.073614+00,US
SYF,Synchrony Financial,,2026-06-18 04:38:42.858873+00,US
SYK,Stryker Corporation,,2026-06-18 04:39:02.632655+00,US
SYY,Sysco,,2026-06-18 04:38:35.10356+00,US
T,AT&T,,2026-06-18 04:39:04.539197+00,US
TAP,Molson Coors Beverage Company,,2026-06-18 04:39:04.652647+00,US
TDG,TransDigm Group,,2026-06-18 04:38:29.203222+00,US
TDY,Teledyne Technologies,,2026-06-18 04:38:44.322205+00,US
TECH,Bio-Techne,,2026-06-18 04:38:25.396161+00,US
TEL,TE Connectivity,,2026-06-18 04:38:50.692994+00,US
TER,Teradyne,,2026-06-18 04:38:14.117747+00,US
TFC,Truist Financial,,2026-06-18 04:38:49.220306+00,US
TGT,Target Corporation,,2026-06-18 04:38:28.41136+00,US
TJX,TJX Companies,,2026-06-18 04:38:26.468428+00,US
TKO,TKO Group Holdings,,2026-06-18 04:38:47.505445+00,US
TMO,Thermo Fisher Scientific,,2026-06-18 04:38:53.467591+00,US
TMUS,T-Mobile US,,2026-06-18 04:39:01.394654+00,US
TPL,Texas Pacific Land Corporation,,2026-06-18 04:39:02.969322+00,US
TPR,Tapestry Inc.,,2026-06-18 04:38:26.58241+00,US
TRGP,Targa Resources,,2026-06-18 04:38:24.615966+00,US
TRMB,Trimble Inc.,,2026-06-18 04:39:08.506275+00,US
TROW,T. Rowe Price,,2026-06-18 04:38:24.839685+00,US
TRV,Travelers Companies (The),,2026-06-18 04:38:39.103084+00,US
TSCO,Tractor Supply,,2026-06-18 04:39:09.072104+00,US
TSLA,Tesla Inc.,,2026-06-18 04:38:51.828577+00,US
TSN,Tyson Foods,,2026-06-18 04:39:05.108958+00,US
TT,Trane Technologies,,2026-06-18 04:38:33.569353+00,US
TTD,The Trade Desk,,2026-06-18 04:39:09.634196+00,US
TTWO,Take-Two Interactive,,2026-06-18 04:38:46.721842+00,US
TXN,Texas Instruments,,2026-06-18 04:38:16.977681+00,US
TXT,Textron,,2026-06-18 04:38:40.578309+00,US
TYL,Tyler Technologies,,2026-06-18 04:39:06.341354+00,US
UAL,United Airlines Holdings,,2026-06-18 04:38:18.138719+00,US
UBER,Uber,,2026-06-18 04:38:58.680525+00,US
UDR,UDR Inc.,,2026-06-18 04:38:41.036174+00,US
UHS,Universal Health Services,,2026-06-18 04:39:08.959649+00,US
ULTA,Ulta Beauty,,2026-06-18 04:39:06.567048+00,US
UNH,UnitedHealth Group,,2026-06-18 04:38:19.604664+00,US
UNP,Union Pacific Corporation,,2026-06-18 04:38:50.241+00,US
UPS,United Parcel Service,,2026-06-18 04:38:34.842838+00,US
URI,United Rentals,,2026-06-18 04:38:17.208208+00,US
USB,U.S. Bancorp,,2026-06-18 04:38:29.727542+00,US
V,Visa Inc.,,2026-06-18 04:38:42.291552+00,US
VICI,Vici Properties,,2026-06-18 04:38:57.666436+00,US
VLO,Valero Energy,,2026-06-18 04:38:25.855497+00,US
VLTO,Veralto,,2026-06-18 04:39:01.170886+00,US
VMC,Vulcan Materials Company,,2026-06-18 04:38:30.530282+00,US
VRSK,Verisk Analytics,,2026-06-18 04:38:54.510575+00,US
VRSN,Verisign,,2026-06-18 04:38:54.281524+00,US
VRTX,Vertex Pharmaceuticals,,2026-06-18 04:38:34.35814+00,US
VST,Vistra Corp.,,2026-06-18 04:38:30.190612+00,US
VTR,Ventas,,2026-06-18 04:38:53.582805+00,US
VTRS,Viatris,,2026-06-18 04:38:32.382957+00,US
VZ,Verizon,,2026-06-18 04:38:48.205311+00,US
WAB,Wabtec,,2026-06-18 04:38:27.271429+00,US
WAT,Waters Corporation,,2026-06-18 04:38:28.977968+00,US
WBD,Warner Bros. Discovery,,2026-06-18 04:38:40.019544+00,US
WDAY,Workday Inc.,,2026-06-18 04:39:04.312775+00,US
WDC,Western Digital,,2026-06-18 04:38:12.739018+00,US
WEC,WEC Energy Group,,2026-06-18 04:38:40.466092+00,US
WELL,Welltower,,2026-06-18 04:38:44.208973+00,US
WFC,Wells Fargo,,2026-06-18 04:38:30.895243+00,US
WM,Waste Management,,2026-06-18 04:38:55.082811+00,US
WMB,Williams Companies,,2026-06-18 04:38:50.581038+00,US
WMT,Walmart,,2026-06-18 04:39:00.043014+00,US
WRB,W. R. Berkley Corporation,,2026-06-18 04:38:48.994977+00,US
WSM,Williams-Sonoma Inc.,,2026-06-18 04:38:17.089122+00,US
WST,West Pharmaceutical Services,,2026-06-18 04:38:19.827294+00,US
WTW,Willis Towers Watson,,2026-06-18 04:38:59.24223+00,US
WY,Weyerhaeuser,,2026-06-18 04:38:43.084068+00,US
WYNN,Wynn Resorts,,2026-06-18 04:38:48.882198+00,US
XEL,Xcel Energy,,2026-06-18 04:38:48.318302+00,US
XOM,ExxonMobil,,2026-06-18 04:38:57.092857+00,US
XYL,Xylem Inc.,,2026-06-18 04:38:57.442093+00,US
XYZ,Block Inc.,,2026-06-18 04:38:24.728916+00,US
YUM,Yum! Brands,,2026-06-18 04:38:49.559634+00,US
ZBH,Zimmer Biomet,,2026-06-18 04:38:53.700291+00,US
ZBRA,Zebra Technologies,,2026-06-18 04:39:00.832433+00,US
ZTS,Zoetis,,2026-06-18 04:39:08.170683+00,US